buy_ratio_5m,buys_5m,data_until_min,dev_mints,dex_boost_60s,dex_profile_5m,dex_profile_60s,entry_price,graph_insiders,has_5m,has_60s,insider_holders,jup_buy_vol_share_5m,jup_dev_pct,jup_holders_5m,jup_holders_60s,jup_net_buyers_5m,jup_top_holders_pct,jup_top_holders_pct_5m,liq_quote_sol_5m,liq_quote_sol_60s,mae_15m,mae_30m,mfe_15m,mfe_30m,mig_ts,mint,rc_total_holders,ret_15m,ret_30m,rug_danger,rug_risks,rug_score_norm,rule_S30_TP50_30m_gross,rule_S30_TP50_30m_net_base,sells_5m,socials,top10_ex_pool_pct,top1_ex_pool_pct,ttg_s,vol_usd_5m
,,47.68886666695277,1,0,,0,4.42827396158e-06,,False,True,,,79.41453787310712,,113,,93.13572145689615,,,238.724,-0.9961477889428689,-0.9961477889428689,0.26955244387745525,0.26955244387745525,1791026280.753,6cCaLh6LP5Wwgro2ZgxkAMATZkyJ4ubdP1avT2MVQaGW,,-0.9959879128545115,-0.9959879128545115,1,Top 10 holders high ownership|Single holder ownership|High ownership,59,-0.8364221445589024,-0.857756430848202,,0,,,0.753000020980835,
0.522203947368421,635,45.729466664791104,10,0,0,0,3.52714421701961e-07,,True,True,,0.46611725992514996,,401,476,182,20.716527567894673,20.903046738879837,44.7908,53.1048,-0.19212755325355124,-0.8833758847366183,0.8999616433530855,0.8999616433530855,1791026406.76,ACsCLMEansgeMK8GnvCoJN3UhYbu4wDRxGrztqrJVtB5,,0.20174110265630896,-0.8811858727430265,0,,1,0.5000000000000002,0.4317736867809445,581,1,,,582.7599999904633,45040.5
0.7245080500894454,1620,45.780666665236154,2,0,0,0,3.32673379552755e-06,,True,True,,0.49788741639672335,79.43451372614592,2208,932,1320,92.31765847094147,13.254254994758579,221.6544,211.8009,-0.013231066017021065,-0.994661636979502,0.9960524204807986,2.414439378669826,1791026454.44,Cu8i8WeG2Z1du8A3tDTzkGmHZVPs1ajsJ9FJ5Wi6pump,,0.9960042244322491,-0.994661636979502,1,Top 10 holders high ownership|Single holder ownership|High ownership,59,0.5,0.4317736867809443,616,0,,,1.440000057220459,283.45
0.5662650602409639,47,44.81466666857401,429,0,0,0,3.78715027999873e-11,,True,True,,0.4868184163081256,79.20788757494785,22,11,20,85.979577961266,58.36846790272325,0.04142,0.1004,-0.4454422625704717,-0.4454422625704717,0.0,0.0,1791026484.289,25fabD3LVeqBDFmGRbrvbJ8jtxTxErhLuJ3uwoKkpump,,-0.4454422625704717,-0.4454422625704717,1,Creator history of rugged tokens|Top 10 holders high ownership|Single holder ownership|Low Liquidity|High ownership,82,-0.30000000000000004,-0.3401812597974708,36,0,,,675.2890000343323,107.46
0.5,35,43.85896666844686,724,0,0,0,1.27122979994248e-10,,True,True,,0.500792590901949,,27,25,14,67.32631438944067,64.70967504990655,0.06314,0.04264,-0.6259331933298722,-0.6259331933298722,1.0134326666535922,1.0134326666535922,1791026526.794,FRVg26JqupmoSge1PVeBKarQVN8AzhjvgLiXeRW3pump,,-0.43897131583839644,-0.5417581139124263,1,Single holder ownership|Low Liquidity|High holder concentration,46,0.5,0.4317736867809443,35,0,,,226.79399991035461,33.08
,,44.10856666564941,1,0,,0,4.08397893318923e-06,,False,True,,,8.38086187362357,,2511,,13.462763216587224,,,222.8518,-0.9956690235080867,-0.9956690235080867,0.06460437525046481,0.06460437525046481,1791026530.072,61F7jXAzayw7imaDTVZAA5SVonwnE9kBAeCjoosRx3kQ,,-0.9956099491200611,-0.9956099491200611,0,High holder correlation,32,-0.831618461478675,-0.8531220176179398,,0,,,1.0720000267028809,
,,44.11543333530426,1,,,,2.70926060903979e-08,,False,True,,,0.1854235288466096,,69,,48.883561657052276,,,,-0.009087158842705612,-0.009087158842705612,0.06751540038357873,0.06751540038357873,1791026553.606,7KaFrrgzLGnoF1WuZuaabimKP2mX98yLwmRfu1kdpump,,0.05436578581089413,0.054270838830543955,0,Single holder ownership|Low Liquidity,32,0.054270838830543955,0.0016656908836427675,,0,,,1.6059999465942383,
,,,,,,,,,False,False,,,,,,,,,,,,,,,1791026779.601,Bf9i7oG8We16XBtgeAnNB9rDBnmCZPW37P7b6a9Hpump,,,,,,,,,,,,,,
,,,,,,,,,False,False,,,,,,,,,,,,,,,1791026815.964,DBHrQ5EGCmFzcfqqNeXETjqpnJQTTTVstmTNGEC2pump,,,,,,,,,,,,,,
,,,,,,,,,False,False,,,,,,,,,,,,,,,1791026862.47,3Mez8HEpZJuKZzpcpjbaKvu7bxmfaQEqX3fdHPcK3LUx,,,,,,,,,,,,,,
0.5540838852097131,1004,36.15794999996821,1,0,0,0,9.24999938447143e-07,0,True,True,0,0.5293018582167781,0.1911328808099624,800,106,277,70.89959086752083,9.969763493976433,92.8631,65.7184,-0.9750041878174296,-0.9761583931670532,0.36250398500170045,0.36250398500170045,1791027054.95,2zpEuYg2jbvE4UW7VdCLbxbakDLLqpu6NRpt2otrpump,135,-0.9749917850385411,-0.9732334495488507,1,Top 10 holders high ownership|Single holder ownership,51,-0.30000000000000004,-0.3401812597974708,808,0,71.13193936383809,34.701075696943256,1.9500000476837158,204658.1
0.6113636363636363,538,33.20023333231608,1,0,0,0,5.41655552581097e-07,0,True,True,0,0.4969011567155693,,487,342,343,20.67305389671848,16.024492499537544,68.004704,81.852,-0.9624630644142799,-0.9626328191545375,2.76952089731923,2.76952089731923,1791027199.673,7M33SmvpATaGcKQqeRhZn2rwBtVVY4CgGsuXrtzqpump,385,-0.9624630644142799,-0.9626168485613313,0,,1,0.5,0.4317736867809443,342,0,20.673053896718475,3.610196911454438,75.67300009727478,47159.21
0.533649289099526,563,32.24424999952316,1,0,0,0,4.89518719925294e-06,0,True,True,0,0.9765766145834295,68.43613942809667,2021,210,235,93.12897641740155,14.11909081314931,260.01715,238.6922,-0.9963897989165443,-0.9963897989165443,0.11874402481427859,0.11874402481427859,1791027254.494,Cf485TqwGex3KVc2gCeHDxr2vkKRrWJm9Rr3sYY6pump,70,-0.9962250197934438,-0.9962250197934438,1,Top 10 holders high ownership|Single holder ownership|High holder correlation|High ownership,60,-0.9942480628250725,-1.0099880212977324,492,0,90.1397235180755,76.10874784336008,0.4939999580383301,22669.28
0.7272727272727273,32,32.49441666603089,2,0,0,0,9.35507040738492e-05,0,True,True,0,0.9979901127077422,79.3127505398852,2039,22,39,98.61017138343122,0.4928533990613616,1262.4295,1248.593,-0.004752676578820059,-0.004752676578820059,0.01344943595910908,0.022766861924938375,1791027295.208,C9ag8NBq3VtrbcpZcxQbT2mNCzkKJHwcLiCzPaykpump,32,0.013231056455567547,0.022766861924938375,1,High market cap per holder|Top 10 holders high ownership|Single holder ownership|High ownership,65,0.022766861924938375,-0.028733829957783397,12,0,98.6105164700946,79.3127505398852,1.2079999446868896,641
0.5721062618595826,1809,31.50316666762034,1,0,0,0,8.31348407861594e-07,0,True,True,0,0.9950268499174092,11.546970726951532,2509,2508,307,13.483895255078163,13.493489020777771,231.04165,219.147,-0.9786916655723618,-0.9786916655723618,3.2367804825480775,3.2367804825480775,1791027340.356,FzbYjdjGag7Ldf6CFYGQ57b9oyqhk9Zb371ZJJT8QuYo,2481,-0.9786318995909196,-0.9783455619434914,0,High holder correlation,33,0.4999999999999998,0.4317736867809441,1353,0,13.483895255078165,13.159136703382648,1.3559999465942383,373.95
0.5059523809523809,85,31.54273333152135,14,0,1,1,4.93405654801638e-07,4,True,True,0,0.471472229351455,,182,171,50,30.76563667444041,31.6011695426835,72.3931,73.03006,-0.27589226119478205,-0.27589226119478205,0.09308022974784214,0.1563110126257068,1791027343.928,CscZaq5twomhUkvCY8Jdd1tge32L4Yj9FbkFFEZQpump,369,0.09308022974784214,-0.18389055662902143,0,,1,-0.18389055662902143,-0.2281447254238541,83,1,30.765636674440408,3.7883104908842933,67359800.92799997,6785
0.5400379506641366,1423,31.066799998283386,1,0,1,0,7.41174178959157e-07,0,True,True,0,0.5123724769751021,,525,318,467,32.25074040075794,20.456577306437563,93.3437,86.5348,-0.10582804826277181,-0.10582804826277181,5.126904370225722,8.776812887977233,1791027415.99,xJgARu2wh8m3sHm13qNe7Eyx1PNqtqq4dQD2Me9pump,381,4.111121996663666,3.6254897289808703,0,,1,0.4999999999999998,0.4317736867809441,1212,0,32.20115614868191,5.028441064284936,35.99000000953674,177873.51
,,29.072166665395102,1,,,,2.87737654036237e-08,0,True,True,0,0.5281019056853345,0.17731855084808051,41,61,48,72.45481787800246,27.957417738905033,,,-0.04516870398806139,,0.0,,1791027502.176,EFgTSFx875rECmUz8s6AbuuNdcfD66JAJo4ZVGFtpump,97,-0.04516870398806139,,0,Single holder ownership|High holder concentration,37,,,,0,69.45565187828595,26.649491167694862,1.1760001182556152,
0.620253164556962,49,24.11586666504542,425,0,0,0,5.64668585221202e-08,0,True,True,0,0.6338864198002964,47.3813292473863,13,15,13,90.68613169168749,95.00478186303982,4.9466,2.4481,-0.992437569250307,,0.8634167196227298,,1791027796.824,BxznCKF3ZfLDzPkkHRfwpSyaGiDKiYE59D6rdFAMpump,25,-0.949800046157279,,1,Creator history of rugged tokens|Top 10 holders high ownership|Single holder ownership|Single holder ownership|Low Liquidity|High ownership,82,,,30,0,91.17706540806495,47.3813292473863,2597.8239998817444,1247.01
0.5058823529411764,129,17.15935000181198,8,0,0,0,2.37476845228021e-10,0,True,True,0,0.5065738983876271,62.00745716074185,13,15,12,79.86850440586305,85.83539988445966,0.1109,0.05888,0.0,,0.7534066406566435,,1791028203.884,6uqBMjfZhjMstr8uLGMUANK46ksxq196ZBXkW9kpump,33,0.6678758878776212,,1,Creator history of rugged tokens|Top 10 holders high ownership|Single holder ownership|Low Liquidity|High ownership,65,,,126,0,80.3820049039785,62.00745716074185,414.8840000629425,246.56
0.5041782729805014,181,17.201916666825614,2,0,0,0,6.56423683190766e-11,0,True,True,0,0.5060328593165904,13.7626285298528,20,25,21,57.66555588527056,50.77436901237865,0.05822,0.1014,-0.501788432181221,,0.09841851954596548,,1791028237.634,3ACYqaqPqK9GWnVkB7CTfhe1pJScqSNiMSqxRpHupump,33,0.015628325468204807,,1,Low Liquidity|High holder concentration,37,,,178,0,52.4119194100005,13.7626285298528,2397.6340000629425,408.77
0.49473684210526314,94,15.45346666574478,5,0,0,0,9.05854468897402e-11,0,True,True,0,0.5270127680459354,67.85271880020476,10,11,11,89.1173709606843,83.7261603417499,0.02936,0.04138,0,,0,,1791028331.153,5F2wdi9gKsMMthQjxy9Rn3oM6eCrMWSKSvgZJSGMpump,28,0.0,,1,Top 10 holders high ownership|Single holder ownership|Low Liquidity|High ownership,60,,,96,0,89.11729387229072,67.85271880020474,5286.153000116348,58.86
0.5290068829891839,538,12.458600000540416,1,0,0,0,4.85907839419549e-06,0,True,True,0,0.9740184054469984,69.92744454112118,2068,228,264,93.11015166396118,14.118627886395538,259.9396,238.1706,,,,,1791028550.515,uQtpQk4npEL3U8mBiL4eX9axDmtNfthxRPtDMoipump,56,,,1,Top 10 holders high ownership|Single holder ownership|High holder correlation|High ownership,60,,,479,0,90.48221293516056,76.45283028644647,1.5150001049041748,2686.71
0.5583333333333333,67,11.571333332856495,28,0,0,0,4.3441771562253e-11,0,True,True,0,0.5072939739339218,,19,21,20,39.0560851869195,34.880199628218804,0.06221,0.0643,,,,,1791028566.825,AdUyV14QQ3pVkgaLH4hSc7sZueFDtdgEguHzNXZdpump,38,,,1,Low Liquidity,34,,,53,0,36.57850994417846,7.29168618883595,72.82500004768372,161.39
0.573344998541849,1966,9.781199999650319,1,0,0,0,3.8352560668332e-06,0,True,True,0,0.9901616681816687,10.680814899205242,2523,2509,314,13.447643489119804,13.492910996241076,229.8093,219.2051,,,,,1791028714.238,4EvNFKC4qLRwmBawQaV3Q4TbNAWsrjPWJZHFkd7HCGQp,2520,,,0,High holder correlation,32,,,1463,0,13.447643489119805,12.336537015157695,1.2379999160766602,18223.45
0.671562082777036,503,7.787233332792918,1,0,0,0,2.87564554650893e-08,0,True,True,0,0.48543396120970433,,67,259,385,28.247802891037495,21.533466251609966,63.4647,72.62,,,,,1791028849.593,FWZCF2FXEiYdR6LtFfGdfmJ2aFDL4v8jFh1KCmvXpump,290,,,0,,1,,,246,0,28.247802891037498,4.500878728850603,42.59299993515015,34753.41
0.49855907780979825,346,1.8299833337465923,388,0,0,0,2.01865482623391e-11,0,True,True,0,0.5051361950921172,0.1047087212884,29,28,20,87.19113851820589,69.50143005215185,0.009477,0.02963,,,,,1791029188.398,BM1t7jqfP7heWSqqWw7BLuPdZo9aFHHMBF9b77tapump,45,,,1,Creator history of rugged tokens|Top 10 holders high ownership|Single holder ownership|Low Liquidity|Single holder ownership|High ownership,81,,,348,0,81.65848667233196,26.4719854856422,1552.3980000019073,213.55
0.49782923299565845,344,2.0798166672388714,1,0,0,0,2.44855268995083e-08,0,True,True,0,0.5260022261257188,0.23063220767122952,602,91,96,70.56925845553425,26.289586536727022,28.8366,71.05975,,,,,1791029210.454,5d6A8Boks7shnQJyXfJvZbossMzovcgiU79BUxgwpump,128,,,0,Single holder ownership|High holder concentration,39,,,347,0,70.56925845553427,34.06910011938155,0.45399999618530273,68083.63
,,,1,,,,,0,True,True,,0.4489270238724965,2.3796852476090867e-07,5248202,5248202,476,24.490278960581023,24.490280112410417,,,,,,,1791029234.266,EPjFWdd5AufqSSqeM2qN1xzybapC8G4wEGGkZwyTDt1v,0,,,0,,1,,,,1,,,73451508.73900008,
,,0.0849666674931844,1,0,,1,4.2511594698713e-07,0,False,True,0,,,,566,,25.607412185314356,,,74.5134,,,,,1791029286.205,ETbqN5nKYWSjin1BDqbLYQJNdmcEghAKnjQCiCPSpump,1295,,,0,,1,,,,0,25.607412185314356,3.5415668426876765,14634.204999923706,
,,-0.8699166655540467,1,,,,2.94997869992998e-08,0,False,True,0,,0.1779691439640051,,65,,50.487088279564695,,,,,,,,1791029341.326,F7SFD8fJMVZfKzciuHpNQa5TyGa6pBs8A7LGW6nhpump,112,,,0,Single holder ownership|Low Liquidity,33,,,,0,49.7204759436888,26.430213094516873,1.3259999752044678,
