tier,pool,bar_t,bar_drop,why,swaps,activity_10min,credits
1,22CfmLna8Bsh7xrbyvGSs6NdD31iFj1UFVnwB7EberWU,1787703120,0.22880059069182546,pool younger than 24 h at any possible decision,,,0
1,2Ff7ABu3yFcJBRZcoBMydyKnEDGmqEz76CmkWq2BdTFq,1788330900,0.15647230941249812,no wallet extracted >= 10%,127,0,500
1,22CfmLna8Bsh7xrbyvGSs6NdD31iFj1UFVnwB7EberWU,1787697000,0.20591545711576675,pool younger than 24 h at any possible decision,,,0
1,31ZmTzEufRDBGKsJ7NicCkEKxtPQgAEMQvdbCuUfE6GX,1784845260,0.15730099110218776,no wallet extracted >= 10%,60,10,400
1,22CfmLna8Bsh7xrbyvGSs6NdD31iFj1UFVnwB7EberWU,1787765640,0.15484699045541017,pool younger than 24 h at any possible decision,,,0
1,22CfmLna8Bsh7xrbyvGSs6NdD31iFj1UFVnwB7EberWU,1787709900,0.16109059009420168,pool younger than 24 h at any possible decision,,,0
1,2DVbU5h8JCd37gaXAJUZ4t77HsjJW22LLduTZk7GSa43,1785870240,0.20499491923001034,too active (>= 1000 tx in 10 min before),,,100
1,2eX48Wro6YWUfyYz5jUuAEKXUNbWWfLV2bAg6rWKfJnK,1786761600,0.15040400999925108,no wallet extracted >= 10%,24,3,300
1,2DVbU5h8JCd37gaXAJUZ4t77HsjJW22LLduTZk7GSa43,1788916620,0.15480098275424814,too active (>= 1000 tx in 10 min before),,,100
1,22CfmLna8Bsh7xrbyvGSs6NdD31iFj1UFVnwB7EberWU,1787762460,0.24163653700262078,pool younger than 24 h at any possible decision,,,0
1,2DVbU5h8JCd37gaXAJUZ4t77HsjJW22LLduTZk7GSa43,1785123780,0.1577269850431432,no wallet extracted >= 10%,387,26,7000
1,22CfmLna8Bsh7xrbyvGSs6NdD31iFj1UFVnwB7EberWU,1787698860,0.1864148332531218,pool younger than 24 h at any possible decision,,,0
1,3dcwhqJp6JBTJPq8ga335HWgSQVS7uQmdmeX7iGjMNpj,1788897300,0.15960235137498924,too active (>= 1000 tx in 10 min before),,,200
1,3dcwhqJp6JBTJPq8ga335HWgSQVS7uQmdmeX7iGjMNpj,1788487620,0.20367613193378475,too active (>= 1000 tx in 10 min before),,,100
1,41rzTMB7JHPTyMXzrYwdqnBecJRhkb8KHYAjrQ9cYxJx,1789406040,0.1696150238828269,too active (>= 1000 tx in 10 min before),,,200
1,3KFCgJ5R3zshW8hTDbzjSrrKSRYmKvsMfhc4Vo4iddxD,1788247380,0.15385406626679266,no wallet extracted >= 10%,563,218,16900
1,3dcwhqJp6JBTJPq8ga335HWgSQVS7uQmdmeX7iGjMNpj,1787813220,0.17477951833611893,pool younger than 24 h at any possible decision,,,0
1,3dcwhqJp6JBTJPq8ga335HWgSQVS7uQmdmeX7iGjMNpj,1788138540,0.16792828786686476,too active (>= 1000 tx in 10 min before),,,100
1,3dcwhqJp6JBTJPq8ga335HWgSQVS7uQmdmeX7iGjMNpj,1788810000,0.21773016966846104,too active (>= 1000 tx in 10 min before),,,100
1,3dcwhqJp6JBTJPq8ga335HWgSQVS7uQmdmeX7iGjMNpj,1788328560,0.15561379448889756,too active (>= 1000 tx in 10 min before),,,100
1,3dcwhqJp6JBTJPq8ga335HWgSQVS7uQmdmeX7iGjMNpj,1788724020,0.18986125761640782,too active (>= 1000 tx in 10 min before),,,100
1,3dcwhqJp6JBTJPq8ga335HWgSQVS7uQmdmeX7iGjMNpj,1787801400,0.16103146904349086,pool younger than 24 h at any possible decision,,,0
1,41rzTMB7JHPTyMXzrYwdqnBecJRhkb8KHYAjrQ9cYxJx,1789370940,0.15722609456499836,too active (>= 1000 tx in 10 min before),,,100
1,41rzTMB7JHPTyMXzrYwdqnBecJRhkb8KHYAjrQ9cYxJx,1789508280,0.15675337965598657,too active (>= 1000 tx in 10 min before),,,100
1,41rzTMB7JHPTyMXzrYwdqnBecJRhkb8KHYAjrQ9cYxJx,1789404180,0.15318253897021794,too active (>= 1000 tx in 10 min before),,,100
1,3dcwhqJp6JBTJPq8ga335HWgSQVS7uQmdmeX7iGjMNpj,1787811360,0.17386717728171686,pool younger than 24 h at any possible decision,,,0
1,3dcwhqJp6JBTJPq8ga335HWgSQVS7uQmdmeX7iGjMNpj,1788523260,0.17543283860748426,too active (>= 1000 tx in 10 min before),,,100
1,3dcwhqJp6JBTJPq8ga335HWgSQVS7uQmdmeX7iGjMNpj,1787803920,0.1606980046258526,pool younger than 24 h at any possible decision,,,0
1,4bJpmAxvDt6wi3QdwsoqrDXumSD2H973tdCjucT3mobP,1785710340,0.1850081954313213,no wallet extracted >= 10%,227,25,600
1,3dcwhqJp6JBTJPq8ga335HWgSQVS7uQmdmeX7iGjMNpj,1787933640,0.1643975980918312,too active (>= 1000 tx in 10 min before),,,100
1,3dcwhqJp6JBTJPq8ga335HWgSQVS7uQmdmeX7iGjMNpj,1789074780,0.1618233153763674,too active (>= 1000 tx in 10 min before),,,100
1,3dcwhqJp6JBTJPq8ga335HWgSQVS7uQmdmeX7iGjMNpj,1788273660,0.15820050960439924,too active (>= 1000 tx in 10 min before),,,100
1,5PGhKctym6odbHGo2tKMST2AjmJsb2uZBQrKkn4ZuFT5,1788769440,0.6784719005547486,no wallet extracted >= 10%,556,411,1100
1,5dvo7afWw1xVLcZzqofokjaEpsEzBb3UukYoEnFi6Le5,1785784800,0.1530175526396581,no wallet extracted >= 10%,336,90,26600
1,5PGhKctym6odbHGo2tKMST2AjmJsb2uZBQrKkn4ZuFT5,1789644360,0.6798298906673166,no wallet extracted >= 10%,91,85,400
1,5PGhKctym6odbHGo2tKMST2AjmJsb2uZBQrKkn4ZuFT5,1789197120,0.6827791376087443,no wallet extracted >= 10%,12,45,300
1,5PGhKctym6odbHGo2tKMST2AjmJsb2uZBQrKkn4ZuFT5,1789128960,0.6786770403404363,no wallet extracted >= 10%,132,79,400
1,5PGhKctym6odbHGo2tKMST2AjmJsb2uZBQrKkn4ZuFT5,1789219500,0.6771137458147725,no wallet extracted >= 10%,333,457,600
1,5PGhKctym6odbHGo2tKMST2AjmJsb2uZBQrKkn4ZuFT5,1789090260,0.6717546041176488,no wallet extracted >= 10%,88,59,1900
1,5PGhKctym6odbHGo2tKMST2AjmJsb2uZBQrKkn4ZuFT5,1789552800,0.6749703633210314,no wallet extracted >= 10%,640,703,1300
1,5PGhKctym6odbHGo2tKMST2AjmJsb2uZBQrKkn4ZuFT5,1789549200,0.6551899914070575,no wallet extracted >= 10%,420,276,1700
1,4yFioXwUAiVqUN6c9VRiz8aM6zUA4eoB52Nv4Git1bAx,1787363880,0.19095240345166775,too active (>= 1000 tx in 10 min before),,,200
1,5PGhKctym6odbHGo2tKMST2AjmJsb2uZBQrKkn4ZuFT5,1789130940,0.6781216476005847,no wallet extracted >= 10%,60,122,300
1,5PGhKctym6odbHGo2tKMST2AjmJsb2uZBQrKkn4ZuFT5,1789115040,0.683339319117775,no wallet extracted >= 10%,178,42,400
1,5PGhKctym6odbHGo2tKMST2AjmJsb2uZBQrKkn4ZuFT5,1785890580,0.15221228872848402,too active (>= 1000 tx in 10 min before),,,100
1,5PGhKctym6odbHGo2tKMST2AjmJsb2uZBQrKkn4ZuFT5,1789116900,0.6769541616915428,no wallet extracted >= 10%,541,45,900
1,5PGhKctym6odbHGo2tKMST2AjmJsb2uZBQrKkn4ZuFT5,1789216980,0.6752832647431541,no wallet extracted >= 10%,670,247,1000
1,5PGhKctym6odbHGo2tKMST2AjmJsb2uZBQrKkn4ZuFT5,1788761220,0.6838263407572773,no wallet extracted >= 10%,130,601,500
1,5PGhKctym6odbHGo2tKMST2AjmJsb2uZBQrKkn4ZuFT5,1788870660,0.6730204153595842,no wallet extracted >= 10%,213,300,700
1,5dvo7afWw1xVLcZzqofokjaEpsEzBb3UukYoEnFi6Le5,1788188040,0.16091599091384834,no wallet extracted >= 10%,120,3,2300
1,5PGhKctym6odbHGo2tKMST2AjmJsb2uZBQrKkn4ZuFT5,1788868740,0.6674326930921146,no wallet extracted >= 10%,154,199,500
1,5PGhKctym6odbHGo2tKMST2AjmJsb2uZBQrKkn4ZuFT5,1786495680,0.15720740174501568,no wallet extracted >= 10%,844,387,29100
1,5PGhKctym6odbHGo2tKMST2AjmJsb2uZBQrKkn4ZuFT5,1785333600,0.2713484763245543,too active (>= 1000 tx in 10 min before),,,100
1,5PGhKctym6odbHGo2tKMST2AjmJsb2uZBQrKkn4ZuFT5,1784941320,0.19139151002976063,too active (>= 1000 tx in 10 min before),,,100
1,5PGhKctym6odbHGo2tKMST2AjmJsb2uZBQrKkn4ZuFT5,1785256200,0.17088971603038094,too active (>= 1000 tx in 10 min before),,,100
1,5PGhKctym6odbHGo2tKMST2AjmJsb2uZBQrKkn4ZuFT5,1788749160,0.6825449815787547,no wallet extracted >= 10%,192,93,500
1,5PGhKctym6odbHGo2tKMST2AjmJsb2uZBQrKkn4ZuFT5,1789028400,0.6757645251144556,no wallet extracted >= 10%,159,100,700
1,5PGhKctym6odbHGo2tKMST2AjmJsb2uZBQrKkn4ZuFT5,1788772080,0.6757017884233874,no wallet extracted >= 10%,407,487,1200
1,5PGhKctym6odbHGo2tKMST2AjmJsb2uZBQrKkn4ZuFT5,1788763080,0.6786314650666667,no wallet extracted >= 10%,61,85,500
1,5PGhKctym6odbHGo2tKMST2AjmJsb2uZBQrKkn4ZuFT5,1789544520,0.6725647207646175,no wallet extracted >= 10%,63,30,300
1,5dvo7afWw1xVLcZzqofokjaEpsEzBb3UukYoEnFi6Le5,1785621600,0.19657717292917087,no wallet extracted >= 10%,567,447,7200
1,5PGhKctym6odbHGo2tKMST2AjmJsb2uZBQrKkn4ZuFT5,1789214100,0.6710021866403784,no wallet extracted >= 10%,73,324,600
1,5dvo7afWw1xVLcZzqofokjaEpsEzBb3UukYoEnFi6Le5,1785967080,0.2046795626100516,too active (>= 1000 tx in 10 min before),,,100
1,5PGhKctym6odbHGo2tKMST2AjmJsb2uZBQrKkn4ZuFT5,1785011700,0.15548144632399252,too active (>= 1000 tx in 10 min before),,,100
1,5PGhKctym6odbHGo2tKMST2AjmJsb2uZBQrKkn4ZuFT5,1787665500,0.23071469853843551,too active (>= 1000 tx in 10 min before),,,100
1,5PGhKctym6odbHGo2tKMST2AjmJsb2uZBQrKkn4ZuFT5,1788866820,0.6817754528094657,no wallet extracted >= 10%,76,52,300
1,5PGhKctym6odbHGo2tKMST2AjmJsb2uZBQrKkn4ZuFT5,1788747000,0.6717570985253765,no wallet extracted >= 10%,165,335,600
1,5PGhKctym6odbHGo2tKMST2AjmJsb2uZBQrKkn4ZuFT5,1789554840,0.6817795656467085,no wallet extracted >= 10%,141,482,600
1,5PGhKctym6odbHGo2tKMST2AjmJsb2uZBQrKkn4ZuFT5,1788767580,0.6761219407804253,no wallet extracted >= 10%,315,993,1400
1,6e3jZLtf4tQbWZm3f7A66jF8tfZn6MRQVrbDFgcNWarA,1789851600,0.15132471478243248,too active (>= 1000 tx in 10 min before),,,200
1,6ExKfWXEwpMeFuzdqx8QHrBoHKxQ8Kp1MGHpLQuWrQX7,1789816980,0.25111793677940264,no wallet extracted >= 10%,2,0,400
1,6unnG2hL8udPjDpu3TchvAtptu3dq8AS7tymrWDN2LLC,1785481260,0.1708091105012738,no wallet extracted >= 10%,627,251,2200
1,6unnG2hL8udPjDpu3TchvAtptu3dq8AS7tymrWDN2LLC,1785034620,0.20040019462753744,no wallet extracted >= 10%,700,36,3000
1,6e3jZLtf4tQbWZm3f7A66jF8tfZn6MRQVrbDFgcNWarA,1789521300,0.211358853472156,pool younger than 24 h at any possible decision,,,0
1,6unnG2hL8udPjDpu3TchvAtptu3dq8AS7tymrWDN2LLC,1785793080,0.1588620393540584,no wallet extracted >= 10%,447,242,700
1,6unnG2hL8udPjDpu3TchvAtptu3dq8AS7tymrWDN2LLC,1784779620,0.17437314997615772,no wallet extracted >= 10%,201,6,2300
1,6e3jZLtf4tQbWZm3f7A66jF8tfZn6MRQVrbDFgcNWarA,1789921260,0.1774925065862969,too active (>= 1000 tx in 10 min before),,,100
1,6QyYdc6jgeKnfP1FWhiexMYq3JQ3sidSYoubjWUTo3rm,1788179640,0.15569736401260792,pool younger than 24 h at any possible decision,,,100
1,6unnG2hL8udPjDpu3TchvAtptu3dq8AS7tymrWDN2LLC,1785454020,0.19038752754144184,no wallet extracted >= 10%,355,367,3800
1,6unnG2hL8udPjDpu3TchvAtptu3dq8AS7tymrWDN2LLC,1785096600,0.15900738229178124,no wallet extracted >= 10%,637,71,2200
1,6a3A8ZpKMSsQQbFMJqZC6p9tfRAue9uLafQU9TXP2HLo,1787818380,0.15423342182973843,too active (>= 1000 tx in 10 min before),,,200
1,6unnG2hL8udPjDpu3TchvAtptu3dq8AS7tymrWDN2LLC,1787061480,0.15773473636517987,no wallet extracted >= 10%,217,15,500
1,6QyYdc6jgeKnfP1FWhiexMYq3JQ3sidSYoubjWUTo3rm,1788185040,0.15582527825121462,pool younger than 24 h at any possible decision,,,0
1,6unnG2hL8udPjDpu3TchvAtptu3dq8AS7tymrWDN2LLC,1785767700,0.1694923895020528,no wallet extracted >= 10%,334,63,700
1,6e3jZLtf4tQbWZm3f7A66jF8tfZn6MRQVrbDFgcNWarA,1789584300,0.27579709132313657,too active (>= 1000 tx in 10 min before),,,100
1,6unnG2hL8udPjDpu3TchvAtptu3dq8AS7tymrWDN2LLC,1785443820,0.19888976899632027,too active (>= 1000 tx in 10 min before),,,100
1,6e3jZLtf4tQbWZm3f7A66jF8tfZn6MRQVrbDFgcNWarA,1789510020,0.17179639900351207,pool younger than 24 h at any possible decision,,,0
1,6e3jZLtf4tQbWZm3f7A66jF8tfZn6MRQVrbDFgcNWarA,1789698180,0.15735724443720567,too active (>= 1000 tx in 10 min before),,,100
1,6QyYdc6jgeKnfP1FWhiexMYq3JQ3sidSYoubjWUTo3rm,1788201300,0.19585189955051374,too active (>= 1000 tx in 10 min before),,,100
1,6unnG2hL8udPjDpu3TchvAtptu3dq8AS7tymrWDN2LLC,1785038880,0.1874840261183337,no wallet extracted >= 10%,316,56,4000
1,6unnG2hL8udPjDpu3TchvAtptu3dq8AS7tymrWDN2LLC,1784927340,0.15347657966081185,no wallet extracted >= 10%,582,301,900
1,69AU8DkW4XxrzA6hoSi4fibMYKjt6Uefo9o4cRUS4vne,1787246220,0.15877607246679581,no wallet extracted >= 10%,123,0,400
1,6unnG2hL8udPjDpu3TchvAtptu3dq8AS7tymrWDN2LLC,1788286560,0.2092012915334861,no wallet extracted >= 10%,444,83,3500
1,6e3jZLtf4tQbWZm3f7A66jF8tfZn6MRQVrbDFgcNWarA,1789564920,0.3172136920466945,pool younger than 24 h at any possible decision,,,0
1,6QyYdc6jgeKnfP1FWhiexMYq3JQ3sidSYoubjWUTo3rm,1788149160,0.17809248709846714,pool younger than 24 h at any possible decision,,,0
1,6tuhHpYSinf41V39KW3JmpVUaxehcabCbHZqqFnwR6xf,1789698180,0.21293887232754338,too active (>= 1000 tx in 10 min before),,,200
1,6a3A8ZpKMSsQQbFMJqZC6p9tfRAue9uLafQU9TXP2HLo,1787689020,0.21906668254220074,too active (>= 1000 tx in 10 min before),,,100
1,9NcS7HT3tfw35PXBhG9JKPqHQnHvTUabQtJiDSMmpVV,1786917840,0.15030549552036288,no wallet extracted >= 10%,294,25,900
1,Azyy8ibM2bbPAb4BS9JkDm5MbcCHohBCJZCNPyaCVdCj,1789909020,0.29624683041928446,no wallet extracted >= 10%,57,35,500
1,9NcS7HT3tfw35PXBhG9JKPqHQnHvTUabQtJiDSMmpVV,1786982880,0.1529320429271488,no wallet extracted >= 10%,162,4,400
1,CBXUVV7i1rsQcoGMEso8fzhfvPSfmxEd4MqWN46AMgrk,1788221760,0.5253260092669179,no wallet extracted >= 10%,39,26,3400
1,CD5HDt23sjGud5VTWsv51BMPey2Qf9qH5cyswWmjBDdq,1787433060,0.16478929594718317,too active (>= 1000 tx in 10 min before),,,200
1,93FVz2kccWCJh6Gcf1cKQLvT3tK8T2BL8Nq3nzNvvYco,1785012000,0.15313968540364153,no wallet extracted >= 10%,23,0,400
1,937nYYCPzqygDm71FX5XJzepDCnJLca9GSfe5essZK2H,1788836340,0.18741180207323005,too active (>= 1000 tx in 10 min before),,,200
1,7v2KMgkqKTt4xU9dPzkJFmtNgQbBwBvXY4uBXTt1ZfnG,1787959860,0.18437713245077492,no wallet extracted >= 10%,150,0,3200
1,937nYYCPzqygDm71FX5XJzepDCnJLca9GSfe5essZK2H,1788811080,0.18502313683334348,pool younger than 24 h at any possible decision,,,0
1,AjBm4BBsZFoSndhwEb5KqjxaBzEBgh1CRCo3E8wF43cv,1788195240,0.1849980163028967,no wallet extracted >= 10%,95,0,300
1,Azyy8ibM2bbPAb4BS9JkDm5MbcCHohBCJZCNPyaCVdCj,1789867380,0.18703997756731883,no wallet extracted >= 10%,271,130,800
1,937nYYCPzqygDm71FX5XJzepDCnJLca9GSfe5essZK2H,1788825120,0.22967573647477002,too active (>= 1000 tx in 10 min before),,,100
1,9NcS7HT3tfw35PXBhG9JKPqHQnHvTUabQtJiDSMmpVV,1786634400,0.22497483750665836,no wallet extracted >= 10%,435,128,3700
1,89XnvgGVKvtx5trrLtkrPZ6G2tD2TrSgPHXEWQPs5iN9,1788037980,0.1654065493405935,no wallet extracted >= 10%,229,10,600
1,89XnvgGVKvtx5trrLtkrPZ6G2tD2TrSgPHXEWQPs5iN9,1789988940,0.1555263471781917,no wallet extracted >= 10%,127,38,500
1,9LhNWipL83mqHstyrNpNWV8wEHoZuvNh5knmgkajQz4b,1787192760,0.17058248386336516,no wallet extracted >= 10%,112,51,400
1,9LhNWipL83mqHstyrNpNWV8wEHoZuvNh5knmgkajQz4b,1787149620,0.25588801560459773,no wallet extracted >= 10%,10,18,300
1,937nYYCPzqygDm71FX5XJzepDCnJLca9GSfe5essZK2H,1788748680,0.152876561583841,pool younger than 24 h at any possible decision,,,0
1,937nYYCPzqygDm71FX5XJzepDCnJLca9GSfe5essZK2H,1788831900,0.17234941726046948,too active (>= 1000 tx in 10 min before),,,100
1,CD5HDt23sjGud5VTWsv51BMPey2Qf9qH5cyswWmjBDdq,1787136660,0.24094709315968876,too active (>= 1000 tx in 10 min before),,,100
1,8v6b3CtoP5BVQWXeRSRUEUjDcFeMDYqJKJ7tUtsxQ1CM,1788557040,0.16346720962767536,no wallet extracted >= 10%,1463,289,1700
1,937nYYCPzqygDm71FX5XJzepDCnJLca9GSfe5essZK2H,1788812940,0.16063405345585602,pool younger than 24 h at any possible decision,,,0
1,937nYYCPzqygDm71FX5XJzepDCnJLca9GSfe5essZK2H,1788853560,0.1535595033683682,too active (>= 1000 tx in 10 min before),,,100
1,8N544CG9j44dkzu4CjSWHxpwekxHQPTR4R17Kw9y5FBk,1784836860,0.18601345798648106,no wallet extracted >= 10%,766,284,2700
1,937nYYCPzqygDm71FX5XJzepDCnJLca9GSfe5essZK2H,1788808860,0.15314914530932755,pool younger than 24 h at any possible decision,,,0
1,7v2KMgkqKTt4xU9dPzkJFmtNgQbBwBvXY4uBXTt1ZfnG,1788160500,0.17077490083414792,no wallet extracted >= 10%,104,29,400
1,DA4pM4xSDY4M9V4CgAKKBVH1pw1yscTQQa5nEkGHuKpt,1788969060,0.16972788469209155,too active (>= 1000 tx in 10 min before),,,200
1,DA4pM4xSDY4M9V4CgAKKBVH1pw1yscTQQa5nEkGHuKpt,1788584640,0.16862914244473892,too active (>= 1000 tx in 10 min before),,,100
1,DA4pM4xSDY4M9V4CgAKKBVH1pw1yscTQQa5nEkGHuKpt,1788725280,0.16074015770752825,too active (>= 1000 tx in 10 min before),,,100
2,3dcwhqJp6JBTJPq8ga335HWgSQVS7uQmdmeX7iGjMNpj,1787845500,0.10287006812389088,pool younger than 24 h at any possible decision,,,0
2,3dcwhqJp6JBTJPq8ga335HWgSQVS7uQmdmeX7iGjMNpj,1788330420,0.10084204866555635,too active (>= 1000 tx in 10 min before),,,100
2,3dcwhqJp6JBTJPq8ga335HWgSQVS7uQmdmeX7iGjMNpj,1788793320,0.1010748580379417,too active (>= 1000 tx in 10 min before),,,100
2,3dcwhqJp6JBTJPq8ga335HWgSQVS7uQmdmeX7iGjMNpj,1787964360,0.10786714259877961,too active (>= 1000 tx in 10 min before),,,100
2,4bJpmAxvDt6wi3QdwsoqrDXumSD2H973tdCjucT3mobP,1785306900,0.10190067397151736,no wallet extracted >= 10%,311,152,600
2,3dcwhqJp6JBTJPq8ga335HWgSQVS7uQmdmeX7iGjMNpj,1789247880,0.1074325692602004,too active (>= 1000 tx in 10 min before),,,100
2,2DVbU5h8JCd37gaXAJUZ4t77HsjJW22LLduTZk7GSa43,1787014140,0.13676692742162144,no wallet extracted >= 10%,392,926,3300
2,3dcwhqJp6JBTJPq8ga335HWgSQVS7uQmdmeX7iGjMNpj,1787955060,0.10023579537526772,too active (>= 1000 tx in 10 min before),,,100
2,3dcwhqJp6JBTJPq8ga335HWgSQVS7uQmdmeX7iGjMNpj,1787851920,0.10234566639086817,pool younger than 24 h at any possible decision,,,0
2,3KFCgJ5R3zshW8hTDbzjSrrKSRYmKvsMfhc4Vo4iddxD,1788486240,0.11977696588687414,no wallet extracted >= 10%,314,172,16300
2,4bJpmAxvDt6wi3QdwsoqrDXumSD2H973tdCjucT3mobP,1785426360,0.10290538414823058,no wallet extracted >= 10%,91,40,400
2,3KFCgJ5R3zshW8hTDbzjSrrKSRYmKvsMfhc4Vo4iddxD,1789253100,0.10569274637689063,no wallet extracted >= 10%,971,838,3200
2,41rzTMB7JHPTyMXzrYwdqnBecJRhkb8KHYAjrQ9cYxJx,1789397580,0.1123327482505525,too active (>= 1000 tx in 10 min before),,,100
2,3dcwhqJp6JBTJPq8ga335HWgSQVS7uQmdmeX7iGjMNpj,1788692100,0.1041434535309903,too active (>= 1000 tx in 10 min before),,,100
2,3KFCgJ5R3zshW8hTDbzjSrrKSRYmKvsMfhc4Vo4iddxD,1786496880,0.10148831758713017,no wallet extracted >= 10%,126,26,10600
2,41rzTMB7JHPTyMXzrYwdqnBecJRhkb8KHYAjrQ9cYxJx,1789486800,0.14161694740681408,too active (>= 1000 tx in 10 min before),,,100
2,22CfmLna8Bsh7xrbyvGSs6NdD31iFj1UFVnwB7EberWU,1787711760,0.10839234502694606,pool younger than 24 h at any possible decision,,,0
2,41rzTMB7JHPTyMXzrYwdqnBecJRhkb8KHYAjrQ9cYxJx,1789492020,0.12496915205841697,too active (>= 1000 tx in 10 min before),,,100
2,3dcwhqJp6JBTJPq8ga335HWgSQVS7uQmdmeX7iGjMNpj,1788911700,0.11429766444877953,too active (>= 1000 tx in 10 min before),,,100
2,3dcwhqJp6JBTJPq8ga335HWgSQVS7uQmdmeX7iGjMNpj,1789239360,0.10567160193610281,too active (>= 1000 tx in 10 min before),,,100
2,3dcwhqJp6JBTJPq8ga335HWgSQVS7uQmdmeX7iGjMNpj,1787958180,0.13866276274568357,too active (>= 1000 tx in 10 min before),,,100
2,4bJpmAxvDt6wi3QdwsoqrDXumSD2H973tdCjucT3mobP,1785423840,0.12842557920795017,no wallet extracted >= 10%,105,91,400
2,41rzTMB7JHPTyMXzrYwdqnBecJRhkb8KHYAjrQ9cYxJx,1789432560,0.12124417342215932,too active (>= 1000 tx in 10 min before),,,100
2,3dcwhqJp6JBTJPq8ga335HWgSQVS7uQmdmeX7iGjMNpj,1787872920,0.12238308593234037,too active (>= 1000 tx in 10 min before),,,100
2,2DVbU5h8JCd37gaXAJUZ4t77HsjJW22LLduTZk7GSa43,1787507820,0.10867725283774887,no wallet extracted >= 10%,284,510,3200
2,22CfmLna8Bsh7xrbyvGSs6NdD31iFj1UFVnwB7EberWU,1787892420,0.11084037086089193,too active (>= 1000 tx in 10 min before),,,100
2,3dcwhqJp6JBTJPq8ga335HWgSQVS7uQmdmeX7iGjMNpj,1787923200,0.12211528864362287,too active (>= 1000 tx in 10 min before),,,100
2,41rzTMB7JHPTyMXzrYwdqnBecJRhkb8KHYAjrQ9cYxJx,1789399440,0.12235634570172027,too active (>= 1000 tx in 10 min before),,,100
2,3dcwhqJp6JBTJPq8ga335HWgSQVS7uQmdmeX7iGjMNpj,1787815440,0.12385214645503062,pool younger than 24 h at any possible decision,,,0
2,3dcwhqJp6JBTJPq8ga335HWgSQVS7uQmdmeX7iGjMNpj,1787840280,0.11672549865216486,pool younger than 24 h at any possible decision,,,0
2,2DVbU5h8JCd37gaXAJUZ4t77HsjJW22LLduTZk7GSa43,1786137060,0.10755911352073166,too active (>= 1000 tx in 10 min before),,,100
2,3dcwhqJp6JBTJPq8ga335HWgSQVS7uQmdmeX7iGjMNpj,1788531540,0.1002713610609226,too active (>= 1000 tx in 10 min before),,,100
2,41rzTMB7JHPTyMXzrYwdqnBecJRhkb8KHYAjrQ9cYxJx,1789410240,0.10696331584764363,too active (>= 1000 tx in 10 min before),,,100
2,3dcwhqJp6JBTJPq8ga335HWgSQVS7uQmdmeX7iGjMNpj,1788503220,0.11640520167433077,too active (>= 1000 tx in 10 min before),,,100
2,22CfmLna8Bsh7xrbyvGSs6NdD31iFj1UFVnwB7EberWU,1787750940,0.11006393736979991,pool younger than 24 h at any possible decision,,,0
2,3dcwhqJp6JBTJPq8ga335HWgSQVS7uQmdmeX7iGjMNpj,1787837040,0.12492211045117108,pool younger than 24 h at any possible decision,,,0
2,3dcwhqJp6JBTJPq8ga335HWgSQVS7uQmdmeX7iGjMNpj,1788411720,0.10160724805413557,too active (>= 1000 tx in 10 min before),,,100
2,3dcwhqJp6JBTJPq8ga335HWgSQVS7uQmdmeX7iGjMNpj,1788771540,0.13774720174818067,too active (>= 1000 tx in 10 min before),,,100
2,3dcwhqJp6JBTJPq8ga335HWgSQVS7uQmdmeX7iGjMNpj,1788564600,0.10449593096244225,too active (>= 1000 tx in 10 min before),,,100
2,2eX48Wro6YWUfyYz5jUuAEKXUNbWWfLV2bAg6rWKfJnK,1786390440,0.12853369552930816,no wallet extracted >= 10%,1068,199,1300
