pool,sale_t0,period,group,overlap,extract_share,extract_sol,n_sells,pre_qeff_sol,post_sale_over_pre,trigger,secs_after_sale,groups,top_share,eligible_at_decision,cost_at_decision,fee_bps,age_h,would_trade,activity_10min,swaps_read,reserve_mismatches,credits,price_and_reserve_ok_secs,funding_checks,bar_high_1h_over_pre
6unnG2hL8udPjDpu3TchvAtptu3dq8AS7tymrWDN2LLC,1784717443,A,C,False,0.1967,455.97,1,2318.5,0.645,no-trigger,,,,True,0.00697,30.0,539.7,True,4,788,0,2540,,0,0.9155
6unnG2hL8udPjDpu3TchvAtptu3dq8AS7tymrWDN2LLC,1784717447,A,A,True,0.1016,215.57,6,2120.9,0.9655,trigger,29,15,0.328,True,0.00697,30.0,538.8,False,4,797,0,2080,29,1,1.0949
2DVbU5h8JCd37gaXAJUZ4t77HsjJW22LLduTZk7GSa43,1785264991,A,C,False,0.1021,196.95,4,1928.9,0.8209,no-trigger,,,,True,0.00796,35.0,1749.3,True,84,515,0,3800,,0,0.8917
6unnG2hL8udPjDpu3TchvAtptu3dq8AS7tymrWDN2LLC,1785451135,A,A,False,0.1666,556.31,1,3340.2,0.6944,trigger,607,138,0.197,True,0.00697,30.0,742.7,True,19,1773,0,27030,607,1,1.0819
6unnG2hL8udPjDpu3TchvAtptu3dq8AS7tymrWDN2LLC,1785476153,A,C,False,0.1113,338.49,1,3042.3,0.7897,no-trigger,,,,True,0.00697,30.0,750.5,True,58,2148,0,12400,,0,0.9436
2DVbU5h8JCd37gaXAJUZ4t77HsjJW22LLduTZk7GSa43,1785558865,A,C,False,0.1383,241.1,2,1743.0,0.8036,no-trigger,,,,True,0.01054,48.0,1831.0,True,79,1592,0,19500,,0,0.9242
2DVbU5h8JCd37gaXAJUZ4t77HsjJW22LLduTZk7GSa43,1785560714,A,C,True,0.1306,216.81,2,1659.9,0.7978,no-trigger,,,,True,0.01094,50.0,1831.5,False,152,1364,0,8500,,0,0.968
6unnG2hL8udPjDpu3TchvAtptu3dq8AS7tymrWDN2LLC,1785597366,A,A,False,0.1854,444.36,1,2396.9,0.6633,trigger,483,116,0.154,True,0.00697,30.0,783.3,True,112,3520,0,25680,483,1,1.0217
6unnG2hL8udPjDpu3TchvAtptu3dq8AS7tymrWDN2LLC,1785598700,A,A,True,0.1353,300.72,5,2222.3,0.8913,trigger,1499,216,0.147,True,0.00697,30.0,784.0,False,638,2805,0,36940,1499,1,1.0169
6unnG2hL8udPjDpu3TchvAtptu3dq8AS7tymrWDN2LLC,1785599080,A,A,True,0.142,278.07,3,1958.7,0.7573,trigger,164,84,0.132,True,0.00697,30.0,783.7,False,638,3017,0,400,164,1,1.3106
8N544CG9j44dkzu4CjSWHxpwekxHQPTR4R17Kw9y5FBk,1785609290,A,C,False,0.1236,227.85,1,1843.3,0.7678,no-trigger,,,,True,0.00697,30.0,726.8,True,2,277,0,830,,0,0.8938
6unnG2hL8udPjDpu3TchvAtptu3dq8AS7tymrWDN2LLC,1785634810,A,C,False,0.1108,251.74,1,2271.5,0.7904,no-trigger,,,,True,0.00697,30.0,794.6,True,32,1207,0,4440,,0,0.876
6unnG2hL8udPjDpu3TchvAtptu3dq8AS7tymrWDN2LLC,1785634839,A,C,True,0.1257,269.69,1,2146.3,0.7643,no-trigger,,,,True,0.00697,30.0,794.6,False,32,1207,0,40,,0,0.9816
4bJpmAxvDt6wi3QdwsoqrDXumSD2H973tdCjucT3mobP,1785692749,A,A,False,0.1295,132.22,2,1020.6,0.8521,trigger,173,36,0.184,True,0.01292,60.0,361.7,True,32,585,0,6170,173,1,1.0823
6unnG2hL8udPjDpu3TchvAtptu3dq8AS7tymrWDN2LLC,1785763934,A,C,False,0.1084,202.25,1,1865.0,0.7947,no-trigger,,,,True,0.00697,30.0,830.4,True,68,839,0,1300,,0,0.9862
6unnG2hL8udPjDpu3TchvAtptu3dq8AS7tymrWDN2LLC,1785791570,A,C,False,0.1323,211.37,1,1597.5,0.7527,no-trigger,,,,True,0.00955,43.0,838.1,True,30,1974,0,3130,,0,0.9106
6unnG2hL8udPjDpu3TchvAtptu3dq8AS7tymrWDN2LLC,1785871494,A,C,False,0.1017,254.31,1,2500.3,0.8067,no-trigger,,,,True,0.00697,30.0,860.3,True,94,928,0,2140,,0,0.8993
6unnG2hL8udPjDpu3TchvAtptu3dq8AS7tymrWDN2LLC,1785951024,A,C,False,0.1315,327.53,2,2491.6,0.8976,no-trigger,,,,True,0.00697,30.0,882.4,True,29,831,0,3810,,0,0.9612
8N544CG9j44dkzu4CjSWHxpwekxHQPTR4R17Kw9y5FBk,1786058119,A,C,False,0.1218,178.34,1,1464.0,0.771,no-trigger,,,,True,0.00995,45.0,851.4,True,0,349,0,910,,0,0.8802
2eX48Wro6YWUfyYz5jUuAEKXUNbWWfLV2bAg6rWKfJnK,1786402571,A,A,False,0.142,143.31,1,1009.1,0.7359,trigger,98,47,0.088,True,0.01193,55.0,605.3,True,4,403,0,13230,98,1,1.0724
6unnG2hL8udPjDpu3TchvAtptu3dq8AS7tymrWDN2LLC,1786471248,A,C,False,0.1204,294.7,1,2446.9,0.7734,no-trigger,,,,True,0.00697,30.0,1026.9,False,51,502,0,1500,,0,0.8802
9NcS7HT3tfw35PXBhG9JKPqHQnHvTUabQtJiDSMmpVV,1786509949,A,C,False,0.1386,168.85,5,1218.0,0.7767,no-trigger,,,,True,0.0139,65.0,6084.0,False,0,188,0,5830,,0,0.9518
8N544CG9j44dkzu4CjSWHxpwekxHQPTR4R17Kw9y5FBk,1786550177,A,A,False,0.1065,159.72,1,1499.2,0.7981,trigger,526,30,0.293,True,0.00856,38.0,987.3,True,1,305,0,7750,526,1,1.0129
2DVbU5h8JCd37gaXAJUZ4t77HsjJW22LLduTZk7GSa43,1786699843,A,C,False,0.1657,368.05,5,2221.2,0.754,no-trigger,,,,True,0.00757,33.0,2147.9,True,10,911,0,6840,,0,0.8909
AjBm4BBsZFoSndhwEb5KqjxaBzEBgh1CRCo3E8wF43cv,1787042377,A,C,False,0.1676,208.42,1,1243.6,0.6926,window-short,,,,True,0.01153,53.0,7597.6,True,0,442,0,1210,,0,0.8643
AjBm4BBsZFoSndhwEb5KqjxaBzEBgh1CRCo3E8wF43cv,1787051929,A,C,False,0.1387,158.06,1,1139.7,0.7416,no-trigger,,,,True,0.01292,60.0,7600.2,True,2,290,0,710,,0,0.8577
69AU8DkW4XxrzA6hoSi4fibMYKjt6Uefo9o4cRUS4vne,1787077238,A,C,False,0.1335,130.55,1,977.9,0.7506,window-short,,,,True,0.0139,65.0,5641.1,True,0,230,0,11340,,0,0.922
AjBm4BBsZFoSndhwEb5KqjxaBzEBgh1CRCo3E8wF43cv,1787123086,A,C,False,0.1018,116.5,1,1144.0,0.8065,window-short,,,,True,0.01292,60.0,7620.0,True,0,145,0,710,,0,0.888
4yFioXwUAiVqUN6c9VRiz8aM6zUA4eoB52Nv4Git1bAx,1787150412,A,C,False,0.2091,280.77,2,1343.1,0.7061,no-trigger,,,,True,0.0139,65.0,11799.8,True,8,796,0,10540,,0,0.9185
2DVbU5h8JCd37gaXAJUZ4t77HsjJW22LLduTZk7GSa43,1787156219,A,C,False,0.1003,193.1,2,1925.5,0.8401,no-trigger,,,,True,0.00955,43.0,2274.7,True,114,924,0,2530,,0,0.978
9LhNWipL83mqHstyrNpNWV8wEHoZuvNh5knmgkajQz4b,1787185898,A,C,False,0.1368,166.91,1,1220.3,0.7449,no-trigger,,,,True,0.01153,53.0,120.4,True,14,359,0,730,,0,0.9343
9LhNWipL83mqHstyrNpNWV8wEHoZuvNh5knmgkajQz4b,1787187443,A,C,True,0.2249,262.84,6,1168.6,0.6378,no-trigger,,,,True,0.01489,70.0,120.8,False,13,544,0,1030,,0,0.819
CD5HDt23sjGud5VTWsv51BMPey2Qf9qH5cyswWmjBDdq,1787460341,B,dropped,,0.2593,326.56,2,1259.3,0.7316,,,,,,,,,False,420,435,0,74400,,,0.9723
AjBm4BBsZFoSndhwEb5KqjxaBzEBgh1CRCo3E8wF43cv,1787508511,B,C,False,0.1311,150.15,1,1145.5,0.7548,no-trigger,,,,True,0.01193,55.0,7727.0,False,0,264,0,810,,0,0.9465
6a3A8ZpKMSsQQbFMJqZC6p9tfRAue9uLafQU9TXP2HLo,1787595666,B,C,False,0.1314,192.34,1,1464.2,0.7543,no-trigger,,,,True,0.01153,53.0,305.9,True,769,837,0,32630,,0,0.9946
22CfmLna8Bsh7xrbyvGSs6NdD31iFj1UFVnwB7EberWU,1787953661,B,C,False,0.121,153.87,1,1271.8,0.7724,no-trigger,,,,True,0.01489,70.0,75.4,True,453,689,0,45340,,0,0.9806
2DVbU5h8JCd37gaXAJUZ4t77HsjJW22LLduTZk7GSa43,1787953994,B,C,False,0.2365,663.34,5,2804.6,0.6955,no-trigger,,,,True,0.00697,30.0,2496.3,True,164,2196,0,27650,,0,0.9651
9NcS7HT3tfw35PXBhG9JKPqHQnHvTUabQtJiDSMmpVV,1788050668,B,C,False,0.1141,126.79,3,1111.0,0.7859,no-trigger,,,,False,0.01588,75.0,6512.0,False,2,255,0,4040,,0,0.9274
7v2KMgkqKTt4xU9dPzkJFmtNgQbBwBvXY4uBXTt1ZfnG,1788149220,B,C,False,0.1778,316.87,1,1782.3,0.6757,no-trigger,,,,True,0.00896,40.0,2410.9,True,0,1569,0,5640,,0,0.826
5dvo7afWw1xVLcZzqofokjaEpsEzBb3UukYoEnFi6Le5,1788717875,B,C,False,0.1054,129.91,1,1233.0,0.8002,no-trigger,,,,True,0.00598,25.0,1199.3,True,5,297,0,2840,,0,0.9343
5dvo7afWw1xVLcZzqofokjaEpsEzBb3UukYoEnFi6Le5,1789001685,B,C,False,0.14,147.08,1,1050.9,0.7394,no-trigger,,,,True,0.00598,25.0,1278.1,True,13,454,0,11040,,0,0.939
3dcwhqJp6JBTJPq8ga335HWgSQVS7uQmdmeX7iGjMNpj,1789163879,B,C,False,0.1142,287.1,18,2514.3,0.9125,no-trigger,,,,True,0.00598,25.0,382.9,True,433,1616,0,52640,,0,0.9343
3KFCgJ5R3zshW8hTDbzjSrrKSRYmKvsMfhc4Vo4iddxD,1789209978,B,C,False,0.1182,313.13,2,2649.0,0.8736,no-trigger,,,,True,0.00598,25.0,4803.0,True,12,657,0,43130,,0,0.9976
8v6b3CtoP5BVQWXeRSRUEUjDcFeMDYqJKJ7tUtsxQ1CM,1789491164,B,C,False,0.128,174.68,6,1364.8,0.7611,no-trigger,,,,True,0.01193,55.0,626.8,False,8,314,0,930,,0,0.773
