452277168,1790854891,334,2,,Fyriso8bTqomijixHrvG66MqusYLaL1YPHkZPSzDndR5,approve,3cUF4K32XMEJwXbs6Xe5av6PxELwpbNaGGSw7UKBFQhE,E7hhZy9v9v2WwPx72yf8gTYF5AcJoVaSWVuJ31tueN5C,GvwYCrHPd4LGLQTTPw7jb4jtEhA4uNBs4nVS9FwqX2WH,18446744073709551615
452277193,1790854897,841,2,5,Qd7c6vsB6aRSjk8HzL14hGaCXAB2LmGQReAJSRVpump,set_close_authority,Ej5DP7PqM6qTo7SFQwAKyp8LjnExrXi2fgxrFFCWym1c,8cMNbRzAt6JgGW2rD2GGhvi4UPdaNV3vbgf6SqbTWUnA,AgmLJBMDCqWynYnQiPCuj9ewsNNsBJXyzoUhD9LJzN51,
452277235,1790854908,162,2,5,cNJ78S1eCfQxUihcSSEf9VVzcnKRws2stSzGm2hpump,set_close_authority,CEWzMUp4gJYYb2gVd8ViZHEwKF8LoT27KKbp3EPrzGeK,9aaGqnP3s1hfp79AHbbyRzpGH4NndMn1TiKSrhyWr9Pe,AgmLJBMDCqWynYnQiPCuj9ewsNNsBJXyzoUhD9LJzN51,
452277266,1790854917,627,2,5,2YWthkcs6dtErv6pcZA78FeAa62fxv6jUyx2vghopump,set_close_authority,Ap61E4gRhxyT46Y54eqrfg7XKKNhyVf7Y7CAwV6KUGCt,FT4WvbEduuoQFKXYFFRPApWBUR2bNg1zZEGBkYYc47ZN,AgmLJBMDCqWynYnQiPCuj9ewsNNsBJXyzoUhD9LJzN51,
452277271,1790854918,28,2,5,2YWthkcs6dtErv6pcZA78FeAa62fxv6jUyx2vghopump,set_close_authority,EYuM3EAb3czgKE4P35R38C8d77tZQissoM1vgL7Q3Y8B,5KBmy9NRHFVXzRF1yPEgEhpiJFj3k6Q2hz25Mf7v8xNk,AgmLJBMDCqWynYnQiPCuj9ewsNNsBJXyzoUhD9LJzN51,
452277382,1790854947,95,2,5,HiKS1Czq9x16ALXL7bHMirHBzT2MwkeuNojZHoikUqwu,set_close_authority,HSD85F7dPeN53BbvovGHf35foCkr7DHXT7evcF6USBeS,Gf1yRniZdmHNCuaHuZaihWU1tXdo75ZT8n8j8uZ8Q3oL,AgmLJBMDCqWynYnQiPCuj9ewsNNsBJXyzoUhD9LJzN51,
452277468,1790854970,106,2,5,H5Kugtkfc5vrm3oSdX6FDkxuutRK1S3GW7Rr7UgnoDhP,set_close_authority,2guWiiJjVmT8Xs8zchNLRxvAmxR9odr8KEqzL5kQr4yg,DLvSR9rSjyJuLyFrWzN32i3JXLcTJVnqDZTd7ihSqTGb,AgmLJBMDCqWynYnQiPCuj9ewsNNsBJXyzoUhD9LJzN51,
452277566,1790854996,86,2,5,Qd7c6vsB6aRSjk8HzL14hGaCXAB2LmGQReAJSRVpump,set_close_authority,3zTG15SNtNWnktVcnoSmSSEjfq5ZXeV4SGdBP4TDFiaF,HXyrBHwqa5b6a1V11wbJxFzqAhXEfDUYDtqTLvRu4v9A,AgmLJBMDCqWynYnQiPCuj9ewsNNsBJXyzoUhD9LJzN51,
452277734,1790855043,189,2,5,cNJ78S1eCfQxUihcSSEf9VVzcnKRws2stSzGm2hpump,set_close_authority,9WXGYK61BVJufQ4ch4MtWSybJNL8xRzRJXd1UKpCRfWz,Hj2gzQzQaQfwzehrwdNtiHN1SVpDsPULi662MJWVdKKF,AgmLJBMDCqWynYnQiPCuj9ewsNNsBJXyzoUhD9LJzN51,
452277769,1790855052,343,2,5,2YWthkcs6dtErv6pcZA78FeAa62fxv6jUyx2vghopump,set_close_authority,9x3hoeeQNqpaFF4jFYmmeu5HP25zEFuTTqFMHMLahFDE,5ogUUGZ4ehzda8LvU8qHfCgLue4vz2uNSoMNp3Fr9x2s,AgmLJBMDCqWynYnQiPCuj9ewsNNsBJXyzoUhD9LJzN51,
452277818,1790855065,121,2,5,DkQYd9q2p7VSruiKhj54wu4F9CbyqruCRKFewg3dpump,set_close_authority,6QhtwXyoytLyF9bpq12VxbqYp3SKzVEzx1a76UUKaanZ,FcEJmmENcnbLexSuc9Kq8LKB5CC8SNLBfPjbjKJEWwgm,AgmLJBMDCqWynYnQiPCuj9ewsNNsBJXyzoUhD9LJzN51,
452277819,1790855065,767,2,5,FWQf2kYPxWbggMj5w84H42gSdPcbgDwjt9uwUyYnpump,set_close_authority,FBs6wPb5Vo8bnNz36Hiyv85wjKyfE8qG2qpd6Y36hkkw,9QQCwKHYLgvJRZiXpa3mBzd1Tw8Qhsu8vsTtdgNTzmc7,AgmLJBMDCqWynYnQiPCuj9ewsNNsBJXyzoUhD9LJzN51,
452277858,1790855075,824,2,5,H5Kugtkfc5vrm3oSdX6FDkxuutRK1S3GW7Rr7UgnoDhP,set_close_authority,H4pLLwiGSRgC7aFkxg8avCQvjhWYk3Yp2eZN2ptmvCfb,BquXJFnbcSbFgrL6D88FzQTWNqA5dd8DoJHRRsDLDRmS,AgmLJBMDCqWynYnQiPCuj9ewsNNsBJXyzoUhD9LJzN51,
452277868,1790855078,1008,2,5,FWQf2kYPxWbggMj5w84H42gSdPcbgDwjt9uwUyYnpump,set_close_authority,6o2aTgxyLMKXieFSNzjJJBmWG7EqQyGjSccLwaKbCMFg,A5BZYbcYjnSDYPqDdBRRu6kaziabLzh2zHYYskwJNJ4b,AgmLJBMDCqWynYnQiPCuj9ewsNNsBJXyzoUhD9LJzN51,
452278310,1790855196,588,2,5,DN2sxQdcX88EBXbajiZGer1kFhLW9mkgt3QLmVebpump,set_close_authority,EsZ6xzdmLYjFaA7L73UyikiaJwgPP5Pd7Ypun1byxCKc,AktjPHfiixmdqD7d7qyAAfGcUZxTcknqv7oyq31vgsGr,AgmLJBMDCqWynYnQiPCuj9ewsNNsBJXyzoUhD9LJzN51,
452278344,1790855205,932,2,5,2YWthkcs6dtErv6pcZA78FeAa62fxv6jUyx2vghopump,set_close_authority,3m7GeeySangHxqg6HwaYyV9ukLfBwNK7t1nwM2EFMPh3,5M7mtnEWrdut2tJmxv94DoUX6ETyzozWxtjb8RNuPjRe,AgmLJBMDCqWynYnQiPCuj9ewsNNsBJXyzoUhD9LJzN51,
452278641,1790855283,900,2,5,H5Kugtkfc5vrm3oSdX6FDkxuutRK1S3GW7Rr7UgnoDhP,set_close_authority,2WUFW5McJuZ4TZCZShUXKF8HQcVdmMzuoH2R2huNdfy3,87aotgYFi6Z3naAKqGds8sq85APLAct91y4Lm6VTp3tS,AgmLJBMDCqWynYnQiPCuj9ewsNNsBJXyzoUhD9LJzN51,
452278751,1790855314,142,2,5,Vrb3u5yd9R9X8utxyBo2TKqdGpzU9RzkzEjd9Tupump,set_close_authority,HSLEngf739MjtivFFJuYdgsXCSrhRxqVA7u4WDLAEeqd,5Tqrg7FFtxhY6pi8zuHzRNWLnFVa4Qi7JzyA4xhYhre3,AgmLJBMDCqWynYnQiPCuj9ewsNNsBJXyzoUhD9LJzN51,
452279081,1790855400,861,2,5,BizeLNXEQjrTjmtQbNA6Qi22h5HKQe9Gjwys3ZkT1Nc9,set_close_authority,HjHy83qZkFibGiBNsDDGgohjKVgtRRMc5EpnUAKuNxa7,DJXchUJLLxenK7RraFeV86uc6awKGoFLJ5X1Adfg31Hd,AgmLJBMDCqWynYnQiPCuj9ewsNNsBJXyzoUhD9LJzN51,
452279194,1790855429,256,2,5,H5Kugtkfc5vrm3oSdX6FDkxuutRK1S3GW7Rr7UgnoDhP,set_close_authority,3V5LRidxnw5EZ6Zt6BPvRQxgx92xXgbfLibjrVy6xhZi,89FV3cqhuMAMSc4zRxNmd6wZzteMeFk3CVNkjQCkrsfD,AgmLJBMDCqWynYnQiPCuj9ewsNNsBJXyzoUhD9LJzN51,
452279340,1790855468,309,2,5,H5Kugtkfc5vrm3oSdX6FDkxuutRK1S3GW7Rr7UgnoDhP,set_close_authority,8qrsGW4onmfv2iu1pUDLu4zSuniw1uEeYazLFaX5WTFn,QgnyeR7Yqq66ZTbu4adDmnk5KCM3THkmLjZsdjk8J4U,AgmLJBMDCqWynYnQiPCuj9ewsNNsBJXyzoUhD9LJzN51,
452279491,1790855507,351,2,5,H5Kugtkfc5vrm3oSdX6FDkxuutRK1S3GW7Rr7UgnoDhP,set_close_authority,3f4yzry3Dgb68RDQe8KXcaipXnXd4BBSKwg8UR6PC5uG,E3869jyDX7ox5Yu961sZt4fv4XMReGNkrrJbkJVKgD2Z,AgmLJBMDCqWynYnQiPCuj9ewsNNsBJXyzoUhD9LJzN51,
452279549,1790855522,467,2,5,DN2sxQdcX88EBXbajiZGer1kFhLW9mkgt3QLmVebpump,set_close_authority,5WeGQY3exSe1LyS9oCbHPYS1Nh4mn9x3FB32XakSwm8F,FcNrHDGSVc2pmr9jhgPKwNaNxfnD2y6PSGQhtZK4LMAQ,AgmLJBMDCqWynYnQiPCuj9ewsNNsBJXyzoUhD9LJzN51,
452279607,1790855538,217,2,5,cNJ78S1eCfQxUihcSSEf9VVzcnKRws2stSzGm2hpump,set_close_authority,5NJm8MSF3LxwnUsXkH6NT6Uzp1aAiEyNY6ottjfgyXwB,7a2wrWTh6mfKZTW2u51NgvnNvKr6mBirSkxj7bYSn6Rv,AgmLJBMDCqWynYnQiPCuj9ewsNNsBJXyzoUhD9LJzN51,
452279618,1790855541,142,2,5,cNJ78S1eCfQxUihcSSEf9VVzcnKRws2stSzGm2hpump,set_close_authority,Fh8QFLdUspR3RstwTcy8PkrPBgZNQx3ZXcBERnZr8QiJ,HojAurNgXuNGepHgjzZYBjkQeBrJWvG7Kz5udu5Nvw5Y,AgmLJBMDCqWynYnQiPCuj9ewsNNsBJXyzoUhD9LJzN51,
452279705,1790855565,510,2,5,FeMbDoX7R1Psc4GEcvJdsbNbZA3bfztcyDCatJVJpump,set_close_authority,3qUaWv2tvgP4zuaLfsPbR6MkJq1M3SptM3ZUSG2b5EUh,AyWa4aSdwqKHnEi65z9TazVegkFovRzJv4UerPB78HXe,AgmLJBMDCqWynYnQiPCuj9ewsNNsBJXyzoUhD9LJzN51,
452279817,1790855594,98,2,,Gkj5PgL7XsuxNSqVFcfFrJ9WdYWpjtTsWeGwv72Qbw21,approve,BcVTKTJekPGTzuHFejLvLUzZjCDiWPn32sSaApfQEiTz,HTgVVGboxX2Dsn6b6bXAXgqGT1SkxSgENuRQF5FrCiAD,2ZhgDrdhkfbN5wxamN1Sthtog38uM6dvksYib15y9hvK,18446744073709551615
452279888,1790855613,648,2,5,H5Kugtkfc5vrm3oSdX6FDkxuutRK1S3GW7Rr7UgnoDhP,set_close_authority,6boLNQi8SWfaxwGFcB9TXzKMrBh2EgG9oLTzbYqCqXeJ,Cr5UNCdmbTA6EhAbK7KsM8CBmhHcnDDFjNKuvqDh5o5r,AgmLJBMDCqWynYnQiPCuj9ewsNNsBJXyzoUhD9LJzN51,
452280099,1790855669,210,2,5,cNJ78S1eCfQxUihcSSEf9VVzcnKRws2stSzGm2hpump,set_close_authority,3f4zQwf9Q8zahuPG3fxHgnpgdaoNurbEEYCfkeuPqghw,8u7N6kxvKXMZ8kvtZqWaW5Cpa6uiRr1ZSMRqkTz4vqd4,AgmLJBMDCqWynYnQiPCuj9ewsNNsBJXyzoUhD9LJzN51,
452280183,1790855692,57,2,5,H5Kugtkfc5vrm3oSdX6FDkxuutRK1S3GW7Rr7UgnoDhP,set_close_authority,BVZeFoBjDQus6ezg8VBunAiaWc4w3pp8nE2Z6WLsFK8v,6QjUsHtgA2RKkQaVgrBP5M7hT4SCh6pyGPoiwije1asa,AgmLJBMDCqWynYnQiPCuj9ewsNNsBJXyzoUhD9LJzN51,
452280236,1790855706,1020,2,5,RuDKzjxqfv3Tq3X6dqSX1JrphXxXV3xntwPNdFrdDvE,set_close_authority,79Hzu1UYx4ynnAxkmhNuGmhXdpqfRSkhJMuvGYMFkDWF,FqMuAR6nsUmUchcuk4RyLAEz4k9TfoeLFCr2eSSGUdXr,AgmLJBMDCqWynYnQiPCuj9ewsNNsBJXyzoUhD9LJzN51,
452280281,1790855718,154,2,5,2YWthkcs6dtErv6pcZA78FeAa62fxv6jUyx2vghopump,set_close_authority,7QMWaaeh5EG44TLPYGrLjicV8SoB3o3FJj1j9ixMseN8,AHvmCAy8t2S34FpVaxQQncyaYfM6BVLqfstLPXrSkpmc,AgmLJBMDCqWynYnQiPCuj9ewsNNsBJXyzoUhD9LJzN51,
452280308,1790855725,169,2,5,H5Kugtkfc5vrm3oSdX6FDkxuutRK1S3GW7Rr7UgnoDhP,set_close_authority,4g6WGRcmLbgNx6gsP6514Me8643rovi9Deqn738tuDvy,9aqKNVpqeE8AyUJrPkbW9kz6X68h1DYhzuVhunT6WY3v,AgmLJBMDCqWynYnQiPCuj9ewsNNsBJXyzoUhD9LJzN51,
452280530,1790855784,537,2,5,cNJ78S1eCfQxUihcSSEf9VVzcnKRws2stSzGm2hpump,set_close_authority,EHbefinju8JcF4JvseSLiR6bkMjYcwtRzdRvaJwmMCh3,56KWQQhGyG6EQbsZmAC6qp1xznpkdXDkP1yEbAYuZcFc,AgmLJBMDCqWynYnQiPCuj9ewsNNsBJXyzoUhD9LJzN51,
452280661,1790855819,622,2,5,cNJ78S1eCfQxUihcSSEf9VVzcnKRws2stSzGm2hpump,set_close_authority,6RiEpzeFeh4CUjhUHbiomFzuFCmcw4XFiXddsQxzJR5o,HHutXFPsm6JnPqd3pXkGqh4mifvUkUv4TNi5zNQmzoLd,AgmLJBMDCqWynYnQiPCuj9ewsNNsBJXyzoUhD9LJzN51,
452280960,1790855899,186,2,5,cNJ78S1eCfQxUihcSSEf9VVzcnKRws2stSzGm2hpump,set_close_authority,2v2cXS1tj7Vj2eXSKyHjDmXMXQsut8P9YavDFCXNNg5T,B5u6x4TRZBU9jnNPXyXwuz8Stcw3VgJY7u5cbX7mhpJa,AgmLJBMDCqWynYnQiPCuj9ewsNNsBJXyzoUhD9LJzN51,
452281164,1790855954,685,2,5,2YWthkcs6dtErv6pcZA78FeAa62fxv6jUyx2vghopump,set_close_authority,5ehwqwfthq8VWfvVkqn8tpNow2H8AJ3niN7FvSsxkJC5,49nsqviUWFjV4QiV4gtRhqqyS8GeB445wY4nVYoH6oH4,AgmLJBMDCqWynYnQiPCuj9ewsNNsBJXyzoUhD9LJzN51,
452281352,1790856004,822,2,5,2YWthkcs6dtErv6pcZA78FeAa62fxv6jUyx2vghopump,set_close_authority,ESzTEtW2RrTLsPcHcDeVaE2RoE1VTAcuS7EPtfRKN5bs,4g2ibpgUQsp8nJBcyocHM3ZgZovfXdLCbGFvsLrY3hZS,AgmLJBMDCqWynYnQiPCuj9ewsNNsBJXyzoUhD9LJzN51,
452281425,1790856023,970,2,5,2YWthkcs6dtErv6pcZA78FeAa62fxv6jUyx2vghopump,set_close_authority,W7oF2BnpeeUSJWdBYRqjgsUdmrTgwwt6vjALZGZCVUm,5y22RKJV9pzNNBnQPyyaymiS4BQzouSRLzJ2QQ7LJhA5,AgmLJBMDCqWynYnQiPCuj9ewsNNsBJXyzoUhD9LJzN51,
