set,rank,wallet,tokens,closed,buy_sol,pnl_sol,win_share,median_hold_s
S1,1,BwWK17cbHxwWBKZkUYvzxLcNQ1YVyaFezduWbtm2de6s,734,241,2036.8365,338.6586,0.860,1.0
S1,2,FqpxzuAAUZjd14pFNU2CWyKGQZtbeuT5DwSVgg9cfDb,34,33,47.4799,16.9770,0.735,77.0
S1,3,B1ZMARC6qhJYJrvBJywUYdtf6hq2WBkTgvbbnGuQsQnX,10,6,33.2034,14.4931,0.600,90.0
S1,4,6WFGCAc9dhms5CEF39rLxxcULu4nXcVgjwm1ZakzTuZL,7,3,4.3294,9.8938,0.714,57
S1,5,3xdXnq1uc6GCh541A6APSFaA9HEDHi1sqANiMnvLa4Cz,5,5,10.4000,9.6965,0.600,185
S1,6,72NWWbchKdRJKvhG6U4f9363psUttkeEkE4yk15imy8u,50,50,80.4567,8.8206,0.700,38.5
S1,7,HNwEoMmVS3rSNWLT4omZ4D7VqNpD9TaDy2yN3MTpEm9H,13,11,13.2433,8.6716,0.692,11
S1,8,2eh9qJNKUTyzrkyV7Dt2B89oZPw2YA2Vc3ZNwiYrUTb8,5,5,59.8257,7.7437,1.000,21
S1,9,74FN2GF58uBYds4cUH2BYvmXz3zLz4h36Fxy6fPankAL,7,7,8.8279,7.4627,0.857,8
S1,10,BuekUk3YMmm7Agnb4ni1qMCmShVpeBTdQZYNyihyzr7u,11,11,42.5000,7.2561,0.909,3
S1,11,EnPTE2UYTPmRfVWBHbfCrfJg5epcbCBd5V9THALgmLDU,6,5,19.7988,6.4928,0.667,127.5
S1,12,2CzXSZe8577hmjo1Xi1WQBtSBJc93fD4U2dt7jnJ313Y,23,23,26.9900,6.4769,0.565,80
S1,13,GN2SWeWhk2bVWvwf1BmDYx749NELENYoLNDfetrQ8Jyp,5,5,5.9061,5.8837,1.000,12
S1,14,8oGhewPuZ82KbDJhLiAXVZ1AstBQPPcSxbSLBTQD7YFD,5,4,6.6763,5.7632,0.800,313
S1,15,52NUhyYcpwwycY2To1bLMtp6pjDjtUMFeUqQxZfBJgAt,5,5,7.4611,5.3359,0.800,4
S1,16,6UcanEPgy9t6aJxpvaU62CmmXpnAp5ny5e8XeoFr1q9b,17,17,37.0988,5.0532,0.647,86
S1,17,AnwDVaFX95Fy8Q7VeZB479Zx2Lzu5Y6ye4vsEo4V9evD,5,5,6.5863,4.7155,0.800,11
S1,18,BJ13Ezfu5f57G27VzdjqauLRYND7SZ7D9cor6UG2XEJY,5,4,19.0575,4.7092,0.600,390
S1,19,9dVSVwrUJfnFqRZ8ChaGExowQbxWBSRgQbtgEQecCkis,16,16,18.7500,4.6675,0.688,9.0
S1,20,SF9TGdsfTPcA3ZVmPdPtYphgzRg6ZqUY4hnjPgjD1MW,9,7,5.0000,4.5620,0.667,178
S1,21,7QBQLNXfCHNhuCsvzBWH3kMMh6NAiKyZSfb1NYjfVXNi,7,7,22.5525,4.5327,0.714,51
S1,22,D9oBTBxzKWBgUh1xUrja6mU3vLAcFonZqAEJd68HiyNj,5,5,6.2374,4.4447,0.800,14
S1,23,C3A52EvMkxYKXuTREHufNNZ7r6WRKVRzzhssYpoV1Unr,14,14,33.0841,4.4283,0.571,30.0
S1,24,GTuctg8YR5oH1jdAaGMvkb51MSWPHE9nLCc1zUrwss6L,8,8,18.3500,4.2786,0.875,47.5
S1,25,6aXFYXbFob1ZKAEDCcqZnX2vooA3TgEqDoy5dAQbeWoV,7,5,14.2328,4.1358,0.571,33
S1,26,TWiNYzgnpqKYePVgLxZ3W6epLg7FbC4KmGZZ1S93oms,7,5,11.9094,3.8620,0.714,36
S1,27,J3gZFpvsCsmA5zwqXgUpyqNLBoGGcJzmnfRwbHFR6KfU,35,35,52.2000,3.7930,0.571,5
S1,28,GvT9aod9E9ENDyUGzk3r4LymjS81GXLPtd5zCGvTMAAF,12,12,13.9489,3.7554,1.000,47.5
S1,29,4Aktn51cRBEYXMrn2SDACPwXrKyz5oyXh4EUhCdiCjcG,39,39,58.3000,3.6215,0.590,4
S1,30,2hHC9zAMp5mWFbyeU31yW8F4bxFrB9qhn3AqbXgkhft8,5,5,60.7807,3.4747,1.000,31
S1,31,4WxE3GAiFG6EofdSF4N3DWXg5na9V3BQJJN5LuE5dzhP,18,18,31.5000,3.3616,0.667,84.0
S1,32,9LXWa7V3AE15VfBupcx5gDts2ix3Y9NzbcKZKjkkq6hV,5,4,15.0383,3.3373,0.800,102
S1,33,5sUyeMNsa3gzbCqtW5hBkLvg1Y3dKETAZvkQtvyN5KXk,5,5,19.6211,3.2528,0.800,53
S1,34,FNvLdMfo2aB9xf14x4TFN3dr2TDpKz78Rji1k8bTx4bs,15,15,53.4400,3.1466,0.667,15
S1,35,ENg3PH1kTHPGwPrat7G3rUJuaxyMEWgFYvqLaXQwSH7F,6,6,9.9216,3.0612,1.000,32.0
S1,36,3b76jvuU9aw4P5p3wQberbWRbuyEVTaSgwawQMBR3tMN,5,5,58.4443,2.9812,0.800,45
S1,37,Hqygmbd5d35qMo6Qhk1rJmzbs4ZSu2NjE3kxnbjJDpSH,7,3,3.4832,2.9791,0.571,561
S1,38,922M9fBTzwGfC4Gqu3WxB8S89WHaTfVAUZKwK5PNtZpk,13,6,132.1229,2.9561,0.692,77
S1,39,7JVQMwRj82STgsG57spj6vpE6XY3RqG8B64PczVc7jJr,9,9,10.3563,2.9559,0.667,14
S1,40,2npiwsPoymCm5Qnh25BPtmc5enngp5M8r8GDqNMeDdXz,16,14,64.3287,2.9070,0.625,180.0
S1,41,61HoKprundX9b1tKC18tpSa63o51m1h4tn37RntavPRt,7,7,7.6430,2.8762,0.571,22
S1,42,FRbDranCv1Upm38FzhekK56cjcsRUbE9CgsK2tFaV1zb,10,10,30.9700,2.8756,0.900,0.5
S1,43,7DPqnafeB7ibg6gboC9jTUhLmhFpBMSEEfqDTzZncozy,9,9,10.4140,2.8044,0.556,21
S1,44,BAuuRTihTeK82E5hQE8wYjdrXSEbUMeVhyDmjY8VoQQj,9,6,7.0916,2.7867,0.556,378
S1,45,DRWPSrUbp1rnjCVjAb5rQU4ZfGsf1sgW3QFfAAxG23Gf,8,8,7.2100,2.7756,0.625,14.0
S1,46,8zkgFGVZrDLieViwqiXFCydSX6WL5hsxmUu55yBdsNsZ,7,5,34.3077,2.7211,0.571,288
S1,47,HicFqmdYCxDLAPCszK5iyNZM2YkVHwJhFSJy9asgsr9m,14,14,28.0000,2.5684,0.786,3.5
S1,48,9j8KaE2m68rwUeWxWQukcfiPRdAFGrWMD2Gb8JQYhzcn,7,7,13.3406,2.4455,0.714,19
S1,49,24vHo5E26NYVTCdr9W8n6GoLrrBS7SzGRA92iAKzn3Af,7,7,13.2931,2.3072,0.714,8
S1,50,75PFdn38N1nVeRkGTaqfRzu56yroAfY7ZsT8F9ixU5qc,19,19,28.0111,2.2150,0.632,23
S2,1,FqpxzuAAUZjd14pFNU2CWyKGQZtbeuT5DwSVgg9cfDb,34,33,47.4799,16.9770,0.735,77.0
S2,2,B1ZMARC6qhJYJrvBJywUYdtf6hq2WBkTgvbbnGuQsQnX,10,6,33.2034,14.4931,0.600,90.0
S2,3,3xdXnq1uc6GCh541A6APSFaA9HEDHi1sqANiMnvLa4Cz,5,5,10.4000,9.6965,0.600,185
S2,4,EnPTE2UYTPmRfVWBHbfCrfJg5epcbCBd5V9THALgmLDU,6,5,19.7988,6.4928,0.667,127.5
S2,5,2CzXSZe8577hmjo1Xi1WQBtSBJc93fD4U2dt7jnJ313Y,23,23,26.9900,6.4769,0.565,80
S2,6,8oGhewPuZ82KbDJhLiAXVZ1AstBQPPcSxbSLBTQD7YFD,5,4,6.6763,5.7632,0.800,313
S2,7,6UcanEPgy9t6aJxpvaU62CmmXpnAp5ny5e8XeoFr1q9b,17,17,37.0988,5.0532,0.647,86
S2,8,BJ13Ezfu5f57G27VzdjqauLRYND7SZ7D9cor6UG2XEJY,5,4,19.0575,4.7092,0.600,390
S2,9,SF9TGdsfTPcA3ZVmPdPtYphgzRg6ZqUY4hnjPgjD1MW,9,7,5.0000,4.5620,0.667,178
S2,10,4WxE3GAiFG6EofdSF4N3DWXg5na9V3BQJJN5LuE5dzhP,18,18,31.5000,3.3616,0.667,84.0
S2,11,9LXWa7V3AE15VfBupcx5gDts2ix3Y9NzbcKZKjkkq6hV,5,4,15.0383,3.3373,0.800,102
S2,12,Hqygmbd5d35qMo6Qhk1rJmzbs4ZSu2NjE3kxnbjJDpSH,7,3,3.4832,2.9791,0.571,561
S2,13,922M9fBTzwGfC4Gqu3WxB8S89WHaTfVAUZKwK5PNtZpk,13,6,132.1229,2.9561,0.692,77
S2,14,2npiwsPoymCm5Qnh25BPtmc5enngp5M8r8GDqNMeDdXz,16,14,64.3287,2.9070,0.625,180.0
S2,15,BAuuRTihTeK82E5hQE8wYjdrXSEbUMeVhyDmjY8VoQQj,9,6,7.0916,2.7867,0.556,378
S2,16,8zkgFGVZrDLieViwqiXFCydSX6WL5hsxmUu55yBdsNsZ,7,5,34.3077,2.7211,0.571,288
S2,17,5e8DjVTq2NxESfa3RtMeGyhifiDyuwo4zmRHj8JNEA5W,19,17,30.0890,2.0582,0.579,60
S2,18,H5mdLD7KyQUAuh5RkDHGEnk62XgTxXNbZ3yWq74Rb6XJ,5,4,12.8150,2.0158,0.600,121
S2,19,EYvwg12vXcUN7pF1fASQZZgQ9RbVUMLjKqqCfi961ptw,30,7,24.4690,1.7617,0.600,1619.0
S2,20,47du2vFgZhzXR2nk4xXtuKqE8dAWXXSWsNTHNx54jjWK,53,52,12.6398,1.6398,0.566,62
S2,21,EasxQfZHUrruNCEGHKijWBZmKgPoE9pRdgYEGP1eBwGG,8,5,3.6058,1.5907,0.750,260.0
S2,22,6ruRzZSHPBgtMcjaKThsadHtkvM13WnVdKGrLEX5Uc6j,6,4,8.5073,1.4234,0.667,151.0
S2,23,CWE2S5SgpR3srSYzfVEBjSciu9Tdtg8uPYcf7NVtCMoQ,7,6,7.6810,1.2329,0.571,80
S2,24,FZwgteiuV11YfpGYn4dzFZK7iZ8WtTuxCDciRSyPNSCo,7,5,5.4315,1.2066,0.571,142
S2,25,8TPkrBcRayR3EJzaxXb87XGmJs9k1U8tdc7wX3GJgw1z,11,11,9.0000,1.0782,0.636,76
S2,26,4gG4V4iPrwfimbmG3ZzMLKJx8ursKxB8dkfW4PbiLjDa,8,4,6.3901,1.0431,0.625,743.5
S2,27,2ztsCtHMprvjLqUQrUX3N4fBAJj5VJcBKQvy61AXYYZL,24,22,16.2930,1.0283,0.708,131.5
S2,28,AFqu1M65QBwq2khGCyk13zYXMhEAkpitTYRG8RCejcBb,11,9,13.2912,0.9547,0.727,80
S2,29,4Ak6vtYFBv2kza9921zzwvobgdFgHR5MPCcvhbmSX6jy,5,5,4.4232,0.9502,0.600,140
S2,30,J9k6JCLG3PyvxFw7gDvBXNKMPsWHxRyo5qXKrj8WFsry,6,6,13.2412,0.9227,0.667,65.0
S2,31,BbVBtJ8FWGD95X4KcX8Ta9vzvCY1d3BVBmMLXJb3Lkyi,6,6,7.2901,0.8960,0.667,558.0
S2,32,F55ficgNE4qCipmApzMgc43RsnN8kryRhcs1f1sxNjfv,5,3,1.9765,0.8666,0.800,627
S2,33,GEVKg5F4hLHkFzb2RZtQj1jcrapRC929FWHkJXf8hpKU,48,46,7.7994,0.8478,0.562,108.0
S2,34,9khkRvs76cmVAfRHswogDqBwikdHDKBH2e9zXLuaYrTn,11,8,6.8052,0.8210,0.727,204
S2,35,BCkofsTP8DSwgXustvkCX3Bx8XKYs5NpkGu7t63ZfFoU,7,7,7.0892,0.8087,0.571,180
S2,36,E6FuKFx7XF3cAsw5xVvq3kvFLtJK3QjD1Cfzbg2YptHg,7,5,14.5347,0.8064,0.571,81
S2,37,4CnuGC3JCrLQSWZ7xTFFSLmCRkeoA4C4AYb4okiCMhJz,5,3,8.1550,0.7941,0.800,1120
S2,38,Chf4DhxWjqnrp8QMECE69R2CwjHpMNYoK36YhU6YLDMf,17,16,3.5586,0.7446,0.647,205
S2,39,J8RheD2yCatRouqjHzFyJt7nRTMEUxdZwARMUVPqZCET,5,3,8.4568,0.7352,0.600,314
S2,40,Cr91q31aa7zaB6WKcTBY6oeAqkJ739evifsR5KbrLroQ,14,12,8.7043,0.7172,0.571,83.5
S2,41,6cwaJAZ3c58MxEbhwN4ZBF6YjPU2FxUTMoxSf2SPbWTd,8,8,2.8699,0.6803,0.750,300.0
S2,42,83oF7MJygFadga6aC9V6GbwFEyAHq2Fm7Pvjw6g13fUq,8,8,5.2965,0.6800,0.625,69.0
S2,43,5mCkwEV21fDtRArj1zdzHjjnYLtVLMWTA8TDTpgrrEpb,7,6,7.5154,0.6503,0.714,82
S2,44,C7PNbARVAHeskaefdcu7fy21dCN3qNANKuT6Cka2av4L,12,11,7.9184,0.6425,0.583,115.0
S2,45,7WUfHhHFVuFbB42w7reyWWq1Ru5innRzPaKH3hUksVyS,7,4,4.3331,0.6364,0.857,1414
S2,46,BkFvDrCeQL2g2DPn3Y3twEi3BUkrKUMYCUZV7EWWFq6s,5,3,1.0479,0.5879,0.600,879
S2,47,BraNyJProa2dwacyFpydzGaqqUMtrnYHCZTuwq97FdzX,8,8,1.3365,0.5613,0.750,66.0
S2,48,6SWCPJdkNCdvpP2mgY8KC28gfTksEm5qj7qvzLZtkDCb,5,3,0.8839,0.5532,0.600,261
S2,49,4BfWVLy15vLYfCbZ3MJk1vSkVBZaKZZPUKWLgwMqZpZh,7,6,8.6350,0.5367,0.571,72
S2,50,AWEVfDYRqGFPYYfHgYMssHajAzb12b8QR9mLuSB1VGvV,5,5,2.3540,0.5209,0.600,144
